algo,supercomputer,supercomputer.64
lm,5.648,6.98599999999999
glmnet,12.854,2.091000000000008
ranger,39.330999999999996,5.428999999999974
xgbTree,261.592,8.428999999999974
